Selected Article,Stakeholder,Giver,Receiver,Problematic Behavior,Aftermath,Platform,Link
"(''A crime scene of unspeakable horror': child sex abuse and the internet', 'the guardian', '2016-05-31')",Regular Group->Regular Group,Regular Group,Regular Group,Violent & Criminal Behavior_Child Abuse&Nudity,"Legal Action, Protective Measure",Online,https://www.theguardian.com/society/2016/may/31/a-scene-of-unspeakable-horror-child-sex-abuse-and-the-internet
"('1 booked for faking girl's Facebook profile', 'the times of india', '2011-09-18')",Regular Individual->Regular Individual,Regular Individual,Regular Individual,Violent & Criminal Behavior_Sexual Exploitation,Legal Action,Facebook,https://timesofindia.indiatimes.com/india/1-booked-for-faking-girls-facebook-profile/articleshow/10014146.cms
"('20 school girls held in online sex racket in China', 'the hindustan times', '2011-11-09')",Regular Group->Regular Group,Regular Group,Regular Group,Violent & Criminal Behavior_Child Abuse&Nudity,Legal Action,Online,https://www.hindustantimes.com/world/20-school-girls-held-in-online-sex-racket-in-china/story-qeSQbDkHpmE34SZq2Hmg7H.html
"('A U.S. Reply, in English, to Terrorists’ Online Lure', 'new york times', '2013-12-04')",Influential Individual->Regular Group,Influential Individual,Regular Group,Violent & Criminal Behavior_Dangerous Organizations,Protective Measures,Online,https://www.nytimes.com/2013/12/05/world/middleeast/us-aims-to-blunt-terrorist-recruiting-of-english-speakers.html
"('Aasiya Andrabi raided cyber cafes, but now uses Twitter freely', 'the times of india', '2018-07-07')",Influential Individual->Regular Group,Influential Individual,Regular Group,Violent & Criminal Behavior_Dangerous Organizations,,Twitter,https://timesofindia.indiatimes.com/india/she-raided-cyber-cafes-but-now-uses-twitter-freely/articleshow/64891427.cms
"('Ajmer dargah committee seeks more security after threat video', 'the times of india', '2017-12-28')",Regular Individual->Regular Group,Regular Individual,Regular Group,Violent & Criminal Behavior_Violence,Legal Action,Online,https://timesofindia.indiatimes.com/city/ajmer/ajmer-dargah-committee-seeks-more-security-after-threat-video/articleshow/62281840.cms
"('Amid social media-inspired thefts of Hyundais and Kias, Lincolnwood police providing locks', 'chicago tribune', '2022-09-20')",Regular Group->Regular Group,Regular Group,Regular Group,Violent & Criminal Behavior_Illegal Behavior,Protective Measures,TikTok,https://www.chicagotribune.com/2022/09/20/amid-social-media-inspired-thefts-of-hyundais-and-kias-lincolnwood-police-providing-locks/
"('Another city businessman gets extortion threat via video', 'the times of india', '2023-02-09')",Regular Group->Regular Individual,Regular Group,Regular Individual,Violent & Criminal Behavior_Violence,Legal Action,Whatsapp,https://timesofindia.indiatimes.com/city/jaipur/another-city-businessman-gets-extortion-threat-via-video/articleshow/97752826.cms
"('At Least Three People Shot at Arizona Shopping Center; Suspected gunman taken into custody after shooting at shopping center in suburban Phoenix; police are looking into a video posted on Snapchat', 'wall street journal', '2020-05-21')",Regular Individual->Regular Group,Regular Individual,Regular Group,Violent & Criminal Behavior_Violence,Violent Behavior,Snapchat,https://www.wsj.com/articles/at-least-three-people-shot-at-arizona-shopping-center-11590037688
"('Bhojpuri filmmaker arrested for spreading nude scenes of an actress on social media', 'the times of india', '2018-04-05')",Regular Individual->Influential Individual,Regular Individual,Influential Individual,Violent & Criminal Behavior_Sexual Exploitation,Legal Action,Youtube,https://www.indiatoday.in/india/story/bhojpuri-film-producer-arrested-for-circulating-obscene-clips-of-actress-1203348-2018-04-02
"('Breaking news: Leader of online group where secret documents leaked is Air National Guardsman', 'new york times', '2023-04-13')",Regular Individual->Influential Individual,Regular Individual,Influential Individual,Violent & Criminal Behavior_Illegal Behavior,Legal Action,Discord,https://www.nytimes.com/live/2023/04/13/us/documents-leak-pentagon
"('Brit couple 'abused own children online for international paedophile ring'', 'the hindustan times', '2011-01-04')",Regular Individual->Regular Individual,Regular Individual,Regular Individual,Violent & Criminal Behavior_Child Abuse&Nudity,Legal Action,Online,https://www.oneindia.com/2011/01/04/britcouple-abused-own-children-online-for-internationalpa.html
"('British headteacher groomed at least 131 children worldwide using social media', 'irish examiner', '2022-09-22')",Regular Individual->Regular Individual,Regular Individual,Regular Individual,Violent & Criminal Behavior_Child Abuse&Nudity,Legal Action,Facebook,https://www.irishexaminer.com/world/arid-40967519.html
"('Cops, TMC promise action after humiliation video goes viral', 'the times of india', '2018-05-23')",Regular Individual->Regular Group,Regular Individual,Regular Group,Violent & Criminal Behavior_Sexual Exploitation,Legal Action,Social Media,https://timesofindia.indiatimes.com/city/kolkata/cops-tmc-promise-action-after-humiliation-video-goes-viral/articleshow/64270074.cms
"('De-addiction centre owner arrested after old video of hitting inmate goes viral', 'the hindustan times', '2022-08-10')",Regular Individual->Regular Group,Regular Individual,Regular Group,Violent & Criminal Behavior_Violence,Legal Action,Online,https://www.hindustantimes.com/cities/others/deaddiction-centre-owner-arrested-after-old-video-of-hitting-inmate-goes-viral-101660131497682.html
"('Delhi man arrested for stalking, harassing 50 women on Instagram', 'the hindustan times', '2023-02-27')",Regular Individual->Regular Group,Regular Individual,Regular Group,Violent & Criminal Behavior_Sexual Exploitation,Legal Action,Instagram,https://www.hindustantimes.com/cities/delhi-news/delhi-man-arrested-for-stalking-harassing-50-women-oInfluential Groupnstagram-101677440848620.html
"('Facebook and Twitter users alert gardai to fight threat', 'irish times', '2012-01-23')",Regular Group->Regular Group,Regular Group,Regular Group,Violent & Criminal Behavior_Dangerous Organizations,Legal Action,"Facebook, Twitter",https://www.google.com/search?q=(%27Facebook+and+Twitter+users+alert+gardai+to+fight+threat%27%2C+%27irish+times%27%2C+%272012-01-23%27)&oq=(%27Facebook+and+Twitter+users+alert+gardai+to+fight+threat%27%2C+%27irish+times%27%2C+%272012-01-23%27)&gs_lcrp=EgZjaHJvbWUyBggAEEUYOdIBBzE2MGowajmoAgCwAgE&sourceid=chrome&ie=UTF-8
"('Facebook friend blackmails college girl, extorts Rs 7 lakh from her', 'the times of india', '2016-06-20')",Regular Individual->Regular Individual,Regular Individual,Regular Individual,Violent & Criminal Behavior_Violence,Legal Action,Facebook,https://timesofindia.indiatimes.com/city/bengaluru/facebook-friend-blackmails-college-girl-extorts-rs-7-lakh-from-her/articleshow/52815508.cms
"('Facebook reinstated terror suspect's account nine times', 'the daily telegraph', '2018-01-27')",Regular Individual->Regular Group,Regular Individual,Regular Group,Violent & Criminal Behavior_Dangerous Organizations,Remove Content,Facebook,https://www.theguardian.com/uk-news/2018/jan/26/facebook-reactivated-terror-suspects-account-nine-times
"('Friendship' on Facebook ends in blackmail plot against woman, the times of india, 2019-01-09)",Regular Individual->Regular Individual,Regular Individual,Regular Individual,Violent & Criminal Behavior_Violence,Legal Action,Facebook,https://timesofindia.indiatimes.com/city/ghaziabad/friendship-on-fb-ends-in-blackmail-plot-against-woman/articleshow/67428686.cms
"('Gardai await blood tests on sex act video girl', 'irish times', '2013-08-21')",Regular Individual->Regular Individual,Regular Individual,Regular Individual,Violent & Criminal Behavior_Child Abuse&Nudity,,"Youtube, Twitter",https://www.irishexaminer.com/news/arid-20240608.html
"('Girl eloping to join Instagram friend in Hyderabad rescued at Bengaluru airport', 'the times of india', '2020-06-27')",Regular Individual->Regular Individual,Regular Individual,Regular Individual,Violent & Criminal Behavior_Child Abuse&Nudity,,Instagram,https://timesofindia.indiatimes.com/city/bengaluru/girl-eloping-to-joiInfluential Groupnstagram-friend-in-hyderabad-rescued-at-bengaluru-airport/articleshow/76636464.cms
"('Give info on child porn plaints, SC tells social media giants', 'the times of india', '2017-09-05')",Regular Group->Regular Group,Regular Group,Regular Group,Violent & Criminal Behavior_Child Abuse&Nudity,Legal Action,"Facebook, Google, WhatsApp, Microsoft, Yahoo",https://timesofindia.indiatimes.com/india/give-info-of-plaints-on-child-porn-sc-tells-social-sites/articleshow/60370040.cms
"('Got death threat on Twitter for FIR against Nawab Malik, Sameer Wankhede to cops', 'the hindustan times', '2022-08-19')",Influential Individual->Influential Individual,Influential Individual,Influential Individual,Violent & Criminal Behavior_Violence,Legal Action,Twitter,https://www.hindustantimes.com/cities/mumbai-news/got-death-threat-on-twitter-for-fir-against-nawab-malik-sameer-wankhede-to-cops-101660899117577.html
"('Hindus dismayed at porn-star type image of goddess Kali in upcoming video game', 'the times of india', '2012-07-16')",S->Influential Individual,S,Influential Individual,Violent & Criminal Behavior_Sexual Exploitation,,Game,https://timesofindia.indiatimes.com/india/hindus-dismayed-at-porn-star-type-image-of-goddess-kali-in-upcoming-video-game/articleshow/14936620.cms
"('Horrific viral video reveals 'crisis' of school bullying in Fiji', 'the guardian', '2020-03-13')",Regular Group->Regular Individual,Regular Group,Regular Individual,Violent & Criminal Behavior_Violence,Legal Action,Facebook,https://www.theguardian.com/world/2020/mar/10/horrific-viral-video-reveals-crisis-of-school-bullying-in-fiji
"('In Comment On YouTube, A Warning For the F.B.I.', 'new york times', '2018-02-16')",Regular Individual->Regular Group,Regular Individual,Regular Group,Violent & Criminal Behavior_Violence,Violent Behavior,Youtube,https://www.nytimes.com/2018/02/15/us/politics/nikolas-cruz-youtube-comment-fbi.html
"('Indian Banks Investigate Allegations By Website', 'wall street journal', '2013-03-14')",S->Regular Group,S,Regular Group,Violent & Criminal Behavior_Illegal Behavior,Legal Action,Cobrapost,https://www.wsj.com/articles/SB10001424127887323393304578360140918634544
"('Indian government blocks 60 websites promoting Islamic State', 'bbc monitoring south asia', '2015-10-15')",Regular Group->Regular Group,Regular Group,Regular Group,Violent & Criminal Behavior_Dangerous Organizations,,Facebook,https://www.thehindu.com/news/national/central-government-blocks-two-website-of-islamic-state/article7762786.ece
"('Inquiry Seeks Twitter User in Brooklyn Bridge Flag Case', 'new york times', '2014-08-08')",Regular Individual->Influential Individual,Regular Individual,Influential Individual,Violent & Criminal Behavior_Dangerous Organizations,Legal Action,Twitter,https://www.nytimes.com/2014/08/09/nyregion/inquiry-seeks-twitter-user-in-brooklyn-bridge-flag-case.html
"('Internet bans for teens accused of inciting riot', 'the daily telegraph', '2011-08-19')",Regular Group->Regular Group,Regular Group,Regular Group,Violent & Criminal Behavior_Dangerous Organizations,Legal Action,Facebook,https://www.bbc.com/news/uk-scotland-tayside-central-14577987
"('Internet threats against Ulster politician', 'the guardian', '2007-03-16')",Regular Group->Influential Individual,Regular Group,Influential Individual,Violent & Criminal Behavior_Violence,Legal Action,Youtube,https://amp.theguardian.com/uk/2007/mar/16/northernireland.northernireland
"('Jilted husband posts naked photos of wife', 'the daily telegraph', '2015-08-12')",Regular Individual->Regular Individual,Regular Individual,Regular Individual,Violent & Criminal Behavior_Sexual Exploitation,Legal Action,Facebook,https://www.telegraph.co.uk/news/uknews/crime/11796913/Husband-posted-naked-pictures-of-cheating-wife-court-hears.html
"('K-pop star Goo Ha-ra's ex-boyfriend jailed for sex video blackmail', 'the korea times', '2020-07-03')",Influential Individual->Influential Individual,Influential Individual,Influential Individual,Violent & Criminal Behavior_Sexual Exploitation,Legal Action,Online,https://www.koreatimes.co.kr/entertainment/k-pop/20200703/k-pop-star-goo-ha-ras-ex-boyfriend-jailed-for-sex-video-blackmail
"('Kittens and Nutella: How Isil is recruiting jihadists online', 'the daily telegraph', '2016-05-26')",Influential Individual->Regular Group,Influential Individual,Regular Group,Violent & Criminal Behavior_Dangerous Organizations,,Social Media,https://www.telegraph.co.uk/news/2016/05/25/isil-using-kittens-to-lure-jihadists-to-fight/
"('KRK's twitter account hacked because of Sunny Leone', 'the times of india', '2012-07-11')",Regular Individual->Regular Group,Regular Individual,Regular Group,Violent & Criminal Behavior_Violence,Public Apology,Twitter,https://timesofindia.indiatimes.com/entertainment/hindi/bollywood/news/krks-twitter-account-hacked-because-of-sunny-leone/articleshow/14803559.cms
"('Lake County prosecutors launch probe into accusations former state Rep. Nick Sauer showed nude photos of ex-girlfriend online', 'chicago tribune', '2018-08-06')",Influential Individual->Regular Individual,Influential Individual,Regular Individual,Violent & Criminal Behavior_Sexual Exploitation,"Legal Action, Restricted from job/school",Instagram,https://www.chicagotribune.com/2018/08/06/lake-county-prosecutors-launch-probe-into-accusations-former-state-rep-nick-sauer-showed-nude-photos-of-ex-girlfriend-online/
"('Man jailed for having sex with a 16-year-old he met on Facebook', 'irish times', '2015-03-28')",Regular Individual->Regular Individual,Regular Individual,Regular Individual,Violent & Criminal Behavior_Child Abuse&Nudity,Legal Action,Facebook,https://www.irishtimes.com/news/crime-and-law/man-jailed-for-having-sex-with-16-year-old-he-met-on-facebook-1.2156619
"('Man who posed online as child model scout admits 88 sex offences', 'the guardian', '2023-07-24')",Regular Individual->Regular Group,Regular Individual,Regular Group,Violent & Criminal Behavior_Sexual Exploitation,Legal Action,"Instagram, TikTok, Snapchat",https://www.theguardian.com/uk-news/2023/jul/24/david-harmes-posed-online-child-model-scout-admits-88-sex-offences
"('Man who threatened Merriam-Webster with anti-LGBTQ violence pleads guilty', 'the washington post', '2022-09-16')",Regular Individual->Regular Group,Regular Individual,Regular Group,Violent & Criminal Behavior_Violence,Legal Action,Merriam-Webster,https://www.washingtonpost.com/nation/2022/09/16/merriam-webster-lgbtq-threat/
"('Meta’s new AI lets people make chatbots. They’re using it for sex.', 'the washington post', '2023-06-26')",Regular Group->Regular Group,Regular Group,Regular Group,Violent & Criminal Behavior_Sexual Exploitation,Public Message to Social Media,"Meta, Youtube",https://www.washingtonpost.com/technology/2023/06/26/facebook-chatbot-sex/
"('Model George Koh guilty of killing rival after Instagram row', 'the guardian', '2018-08-13')",Regular Individual->Regular Individual,Regular Individual,Regular Individual,Violent & Criminal Behavior_Violence,Death,Instagram,https://www.theguardian.com/uk-news/2018/aug/13/model-george-koh-guilty-killing-rival-londoInfluential Groupnstagram-row
"('National: Facebook party crowd threw bottles at police', 'the guardian', '2010-02-13')",Regular Group->Regular Group,Regular Group,Regular Group,Violent & Criminal Behavior_Dangerous Organizations,"Violent Behavior, Legal Action",Facebook,https://www.telegraph.co.uk/technology/facebook/7218064/Riot-police-called-to-Facebook-party-in-Park-Lane-town-house.html
"('No relief from HC for man who circulated woman's nude video', 'the times of india', '2022-06-17')",Regular Individual->Regular Individual,Regular Individual,Regular Individual,Violent & Criminal Behavior_Sexual Exploitation,Legal Action,Online,https://timesofindia.indiatimes.com/city/mumbai/no-relief-from-hc-for-man-who-circulated-womans-nude-video/articleshow/92269243.cms
"('Online bomb threat: Boy, 13, arrested', 'the straits times', '2013-01-02')",Regular Individual->Regular Group,Regular Individual,Regular Group,Violent & Criminal Behavior_Violence,Legal Action,Facebook,https://www.arabnews.com/node/436595/amp
"('Online echo chamber likely influenced detained teen, say experts', 'the straits times', '2021-01-31')",S->Regular Individual,S,Regular Individual,Violent & Criminal Behavior_Violence,Legal Action,Online,https://www.straitstimes.com/singapore/online-echo-chamber-likely-influenced-detained-teen-say-experts
"('Online Footprint Builds Portrait of Gunman's Life', 'new york times', '2016-07-19')",Regular Individual->Regular Group,Regular Individual,Regular Group,Violent & Criminal Behavior_Dangerous Organizations,Violent Behavior,Online,https://www.nytimes.com/2016/07/19/us/batoRegular Groupouge-shooting.html
"('Piracy returns! Bollywood speaks up on the live streaming of Padmaavat', 'the hindustan times', '2018-01-28')",Regular Individual->Regular Individual,Regular Individual,Regular Individual,Violent & Criminal Behavior_Violence,Protective Measures,Instagram,https://www.hindustantimes.com/bollywood/piracy-returns-bollywood-speaks-up-on-the-live-streaming-of-padmaavat/story-doGW1Qlx25HwZPNbkNXPWP.html
"('Podcast: How California popularized the 'Great Replacement'', 'los angeles times', '2022-05-18')",S->Regular Group,S,Regular Group,Violent & Criminal Behavior_Dangerous Organizations,Violent Behavior,"4chan, 8chan, discord",https://www.latimes.com/podcasts/story/2022-05-18/podcast-how-california-popularized-the-great-replacement
"('Police probe Instagram post that 'advocated terror'', 'the straits times', '2018-09-21')",Regular Group->Regular Group,Regular Group,Regular Group,Violent & Criminal Behavior_Dangerous Organizations,Legal Action,Instagram,https://www.straitstimes.com/singapore/image-inciting-acts-of-terror-posted-oInfluential Groupnstagram-account-linked-to-nanyang-jc-police
"('Police registers a case against a user who made inappropriate comments against Vijay Sethupathi's daughter', 'the times of india', '2020-10-22')",Regular Individual->Influential Individual,Regular Individual,Influential Individual,Violent & Criminal Behavior_Violence,Legal Action,Online,https://timesofindia.indiatimes.com/entertainment/tamil/movies/news/police-registers-a-case-against-a-user-who-made-inappropriate-comments-against-vijay-sethupathis-daughter/articleshow/78783057.cms
"('Police: Griffith man makes online ‘mass murder’ threat to Highland business', 'chicago tribune', '2022-08-25')",Regular Individual->Regular Group,Regular Individual,Regular Group,Violent & Criminal Behavior_Violence,Legal Action,Online,https://www.chicagotribune.com/2022/08/25/police-griffith-man-makes-online-mass-murder-threat-to-highland-business/
"('Prison for Graffiti Artist and YouTube Star', 'new york times', '2009-09-10')",Influential Individual->Regular Group,Influential Individual,Regular Group,Violent & Criminal Behavior_Illegal Behavior,Legal Action,Youtube,https://archive.nytimes.com/thelede.blogs.nytimes.com/2009/09/10/prison-for-graffiti-artist-and-youtube-star/
"('Prosecutors: Man livestreamed head stomp attack on Facebook', 'chicago tribune', '2018-08-19')",Regular Individual->Regular Group,Regular Individual,Regular Group,Violent & Criminal Behavior_Violence,Legal Action,Facebook Live,https://www.chicagotribune.com/2018/08/19/prosecutors-man-livestreamed-head-stomp-attack-on-facebook/
"('Prospectors fined after boasting about gold nugget on Facebook', 'the daily telegraph', '2017-05-16')",Regular Group->Influential Individual,Regular Group,Influential Individual,Violent & Criminal Behavior_Illegal Behavior,Legal Action,Facebook,https://www.telegraph.co.uk/news/2017/05/15/three-australian-men-took-huge-gold-nugget-mine-barbecue-caught/
"('Pune accountant defames woman on social media, booked', 'the times of india', '2018-08-29')",Regular Individual->Regular Individual,Regular Individual,Regular Individual,Violent & Criminal Behavior_Sexual Exploitation,Legal Action,Facebook,https://timesofindia.indiatimes.com/city/navi-mumbai/pune-accountant-defames-woman-on-social-media-booked/articleshow/65584699.cms
"('Revenge pornography website operator sentenced to 25 months in prison', 'the guardian', '2015-12-03')",Influential Individual->Regular Group,Influential Individual,Regular Group,Violent & Criminal Behavior_Sexual Exploitation,Legal Action,IsAnyoneUp,https://www.theguardian.com/us-news/2015/dec/03/revenge-pornography-website-operator-sentenced-isanyoneup-hunter-moore
"('Rewa cop suspended after his 'youth-thrashing' video goes viral', 'the times of india', '2020-06-24')",Regular Group->Regular Group,Regular Group,Regular Group,Violent & Criminal Behavior_Violence,Restricted from job/school,Online,https://timesofindia.indiatimes.com/city/bhopal/rewa-cop-suspended-after-his-youth-thrashing-video-goes-viral/articleshow/76518701.cms
"('Santa Ana man charged with threatening Parkland shooting victims’ family and friends online', 'los angeles times', '2019-01-23')",Regular Individual->Regular Group,Regular Individual,Regular Group,Violent & Criminal Behavior_Violence,Legal Action,Instagram,https://www.latimes.com/local/lanow/la-me-ln-fleury-charges-20190123-story.html
"('Social media furor leads FIR to be registered against man wife over beating mother', 'the nation', '2020-07-23')",Regular Individual->Regular Individual,Regular Individual,Regular Individual,Violent & Criminal Behavior_Violence,Legal Action,Online,https://www.nation.com.pk/22-Jul-2020/social-media-furor-leads-fir-to-be-registered-against-man-wife-over-beating-mother
"('Social media give terrorists an edge', 'chicago tribune', '2015-01-18')",Influential Individual->Regular Group,Influential Individual,Regular Group,Violent & Criminal Behavior_Dangerous Organizations,,"Ask.fm, Twitter",https://www.chicagotribune.com/2015/01/18/good-social-media-strategy-helps-terror-groups-attract-teens-spread-word/
"('Surge in online child sex abuse material', 'irish examiner', '2015-05-15')",Regular Group->Regular Group,Regular Group,Regular Group,Violent & Criminal Behavior_Child Abuse&Nudity,,Online,https://www.irishexaminer.com/news/arid-20330802.html
"('Suspect Traveled World, But Lived on the Internet', 'new york times', '2019-03-16')",Influential Individual->Regular Group,Influential Individual,Regular Group,Violent & Criminal Behavior_Violence,Violent Behavior,Social Media,https://www.nytimes.com/2019/03/15/world/asia/new-zealand-shooting-brenton-tarrant.html
"('Teen thrashed over social media post', 'the times of india', '2022-02-06')",Regular Individual->Regular Group,Regular Individual,Regular Group,Violent & Criminal Behavior_Violence,Violent Behavior,Social Media,https://timesofindia.indiatimes.com/city/surat/teen-thrashed-over-social-media-post/articleshow/89356687.cms
"('Temple attack accused would radicalise youth via social media', the times of india, 2022-04-08)",Regular Group->Regular Group,Regular Group,Regular Group,Violent & Criminal Behavior_Dangerous Organizations,Legal Action,Whatsapp,https://timesofindia.indiatimes.com/city/lucknow/gorakhnath-temple-attack-accused-used-to-radicalise-youths-through-social-media-police/articleshow/90712932.cms
"('The Nation; Extremists Are Homing In on the Internet, Says Gonzales; The attorney general estimates 5,000 to 6,000 websites are being used to mobilize efforts.', 'los angeles times', '2006-08-17')",Regular Group->Regular Group,Regular Group,Regular Group,Violent & Criminal Behavior_Dangerous Organizations,Violent Behavior,Online,https://www.upi.com/Top_News/2006/08/17/Gonzales-Extremists-relying-on-Web-sites/38651155821421/
"('Traffickers use Rwanda ruling in TikTok ads', 'the daily telegraph', '2023-07-03')",Influential Individual->Regular Group,Influential Individual,Regular Group,Violent & Criminal Behavior_Dangerous Organizations,Remove Content,TikTok,https://www.telegraph.co.uk/news/2023/07/02/albanian-people-smugglers-use-rwanda-court-ruling-tiktok/
"('Twitter Moves to Rejoin Industry Group to Fight Child Sexual Abuse Material Online; CEO Linda Yaccarino approved $40,000 annual cost to participate in group as part of her efforts to reassure advertisers', 'wall street journal', '2023-06-29')",Regular Group->Regular Group,Regular Group,Regular Group,Violent & Criminal Behavior_Child Abuse&Nudity,Protective Measures,Twitter,https://www.wsj.com/tech/twitter-moves-to-rejoiInfluential Groupndustry-group-to-fight-child-sexual-abuse-material-online-7b8d0132
"('Two held for posting lewd comments against Reshma Patel', 'the times of india', '2018-07-19')",Regular Group->Influential Individual,Regular Group,Influential Individual,Violent & Criminal Behavior_Sexual Exploitation,Legal Action,Online,https://timesofindia.indiatimes.com/city/ahmedabad/two-held-for-posting-lewd-comments-against-reshma-patel/articleshow/65045961.cms
"('Video showing infant being fed beer draws flak', 'the times of india', '2016-08-09')",Regular Individual->Regular Group,Regular Individual,Regular Group,Violent & Criminal Behavior_Child Abuse&Nudity,,Online,https://timesofindia.indiatimes.com/city/chennai/video-showing-infant-being-fed-beer-draws-flak/articleshow/53607327.cms
"('Viral video with animal cruelty on the rise', 'the times of india', '2015-07-17')",Regular Individual->Regular Group,Regular Individual,Regular Group,Violent & Criminal Behavior_Violence,,Facebook,https://timesofindia.indiatimes.com/life-style/relationships/pets/viral-video-with-animal-cruelty-on-the-rise/articleshow/48099513.cms
"('Weinstein's Friend in Italy Finds Himself Engulfed in a Media Storm', 'new york times', '2017-10-25')",Influential Individual->Influential Individual,Influential Individual,Influential Individual,Violent & Criminal Behavior_Violence,Legal Action,Message,https://www.nytimes.com/2017/10/24/world/europe/fabrizio-lombardo-harvey-weinsteiInfluential Grouptaly.html
"('White supremacists are recruiting white teens online. Parents must stop them.', 'the washington post', '2019-08-15')",Regular Group->Regular Group,Regular Group,Regular Group,Violent & Criminal Behavior_Dangerous Organizations,"Violent Behavior, Death",Online Community,https://www.washingtonpost.com/local/white-supremacists-are-recruiting-white-teens-online-parents-must-stop-them/2019/08/15/5169c192-bf69-11e9-b873-63ace636af08_story.html
"('Woman molested at home after filing complaint for online stalking', 'the hindustan times', '2019-06-04')",Regular Individual->Regular Individual,Regular Individual,Regular Individual,Violent & Criminal Behavior_Violence,Violent Behavior,Online,https://www.hindustantimes.com/delhi-news/stalker-molests-woman-at-home-after-she-files-a-police-complaint/story-VkEgGhlUk1hrSYnAtgegIN.html
"('Woman posts sister's porn profile on net to take revenge', 'the times of india', '2011-04-17')",Regular Individual->Regular Individual,Regular Individual,Regular Individual,Violent & Criminal Behavior_Sexual Exploitation,Legal Action,Orkut,https://timesofindia.indiatimes.com/city/chennai/woman-posts-sisters-porn-profile-on-net-to-take-revenge/articleshow/7995154.cms
"('World News: Trackers Chase Islamic State in Social Media', 'wall street journal', '2014-08-28')",Regular Group->Regular Group,Regular Group,Regular Group,Violent & Criminal Behavior_Dangerous Organizations,Violent Behavior,"Twitter, Facebook",https://www.wsj.com/articles/islamic-state-leaves-trail-on-social-media-1409184439
"('Youth stabbed over Bebo webpage', 'irish times', '2008-06-21')",Regular Group->Regular Individual,Regular Group,Regular Individual,Violent & Criminal Behavior_Violence,Violent Behavior,Bebo,https://www.independent.ie/irish-news/bebo-comment-on-girl-led-to-beating/26455721.html
"('YouTube offers refunds for adverts next to terror videos', 'the daily telegraph', '2017-07-04')",S->Regular Group,S,Regular Group,Violent & Criminal Behavior_Dangerous Organizations,Remove Content,Youtube,https://www.telegraph.co.uk/technology/2017/07/03/youtube-refunds-advertisers-terror-content-scandal/
"('YouTube video 'shows French family held in Cameroon'', 'the guardian', '2013-02-26')",Regular Individual->Regular Group,Regular Individual,Regular Group,Violent & Criminal Behavior_Violence,,Youtube,https://www.nytimes.com/2013/02/26/world/africa/video-claims-french-familys-kidnappers-are-nigerian-extremists.html
"('Zarqawi Built Global Jihadist Network on Internet', 'new york times', '2006-06-09')",Influential Individual->Regular Group,Influential Individual,Regular Group,Violent & Criminal Behavior_Dangerous Organizations,Violent Behavior,Online,https://www.nytimes.com/2006/06/09/world/middleeast/09web.html
"(14-year-old rapes disabled minor girl; friends shoot video for social media, the hindustan times, 2023-01-21)",Regular Group->Regular Individual,Regular Group,Regular Individual,Violent & Criminal Behavior_Sexual Exploitation,Legal Action,Instagram,https://www.hindustantimes.com/cities/mumbai-news/14yearold-rapes-disabled-minor-girl-friends-shoot-video-for-social-media-101674325251383.html
"(2 Mundelein High School students charged after social media threat: police, chicago tribune, 2018-02-26)",Regular Group->Regular Individual,Regular Group,Regular Individual,Violent & Criminal Behavior_Violence,Legal Action,Snapchat,https://www.chicagotribune.com/2018/02/26/2-mundelein-high-school-students-charged-after-social-media-threat-police/
"(6 youths rape 40-year-old woman in Baran, upload video on social media, the times of india, 2018-03-12)",Regular Group->Regular Individual,Regular Group,Regular Individual,Violent & Criminal Behavior_Sexual Exploitation,Legal Action,Social Media,https://timesofindia.indiatimes.com/city/jaipur/6-youths-rape-40-year-old-womaInfluential Groupn-baran-upload-video-on-social-media/articleshow/63253051.cms
"(Boys given 5 years probation for sex assault of girl broadcast live on Facebook, chicago tribune, 2018-01-11)",Regular Group->Regular Group,Regular Group,Regular Group,Violent & Criminal Behavior_Sexual Exploitation,Legal Action,Facebook Live,https://www.chicagotribune.com/2018/01/11/boys-given-5-years-probation-for-sex-assault-of-girl-broadcast-live-on-facebook/
"(Chinese authority reveals major online pornography cases, xinhua news agency - ceis, 2018-07-26)",Regular Group->Regular Group,Regular Group,Regular Group,Violent & Criminal Behavior_Child Abuse&Nudity,Legal Action,WeChat,https://www.ecns.cn/news/society/2018-07-27/detail-ifywnmyq4943008.shtml
"(Eight students booked by Mangaluru police under Pocso Act after kissing video goes viral, the hindustan times, 2022-07-23)",Regular Individual->Regular Individual,Regular Individual,Regular Individual,Violent & Criminal Behavior_Sexual Exploitation,Legal Action,Social Media,https://www.hindustantimes.com/cities/bengaluru-news/eight-students-booked-by-mangaluru-police-under-pocso-act-after-kissing-video-goes-viral-101658514923665.html
"(FIR against site over morphed fake tweets of journalist, the times of india, 2022-02-01)",Regular Group->Influential Individual,Regular Group,Influential Individual,Violent & Criminal Behavior_Violence,Legal Action,"Twitter, Instagram",https://www.hindustantimes.com/cities/mumbai-news/fir-against-4-for-sending-rape-death-threats-to-journalist-rana-ayyub-101643643090742.html
"(Gujarat: 25,000 morphed, explicit posts removed in a yr, the times of india, 2023-04-27)",Regular Individual->Regular Individual,Regular Individual,Regular Individual,Violent & Criminal Behavior_Sexual Exploitation,Legal Action,Facebook,https://timesofindia.indiatimes.com/city/ahmedabad/gujarat-25000-morphed-explicit-posts-removed-in-a-yr/articleshow/99772260.cms
"(Islamic State trying to spread tentacles through online propaganda: NIA, the hindustan times, 2021-09-18)",Influential Group->Regular Group,Influential Group,Regular Group,Violent & Criminal Behavior_Dangerous Organizations,Legal Action,Online,https://www.hindustantimes.com/india-news/islamic-state-trying-to-spread-tentacles-through-online-propaganda-nia-101631904989331.html
"(Kia and Hyundai to Pay $200 Million to Settle Viral Car-Theft Suit; Car owners sued the companies after a social-media challenge inspired thieves, wall street journal, 2023-05-19), (Hyundai, Kia reach settlement on vehicles vulnerable to TikTok theft challenge, los angeles times, 2023-05-19)",Regular Group->Regular Group,Regular Group,Regular Group,Violent & Criminal Behavior_Violence,Violent Behavior,Social Media,https://www.wsj.com/business/kia-and-hyundai-to-pay-200-million-to-settle-viral-car-theft-suit-7321e9fb
"(Man issues threat to cops and lawyers in viral video, the times of india, 2022-01-20)",Regular Individual->Influential Group,Regular Individual,Influential Group,Violent & Criminal Behavior_Violence,,Social Media,https://timesofindia.indiatimes.com/city/kanpur/maInfluential Groupssues-threat-to-cops-and-lawyers-in-viral-video/articleshow/88983881.cms
"(Man posts obscene photos of Tollywood actresses, held, the times of india, 2017-10-10)",Regular Individual->Influential Individual,Regular Individual,Influential Individual,Violent & Criminal Behavior_Sexual Exploitation,Legal Action,Online,https://timesofindia.indiatimes.com/city/hyderabad/man-posts-obscene-photos-of-tollywood-actresses-held/articleshow/61002391.cms
"(Mumbai: Film producer Sandeep Singh receives death threat post on social media, FIR registered, the times of india, 2022-07-08)",Regular Individual->Influential Individual,Regular Individual,Influential Individual,Violent & Criminal Behavior_Violence,Legal Action,Facebook,https://timesofindia.indiatimes.com/city/mumbai/mumbai-film-producer-sandeep-singh-receives-death-threat-post-on-social-media-fir-registered/articleshow/92729169.cms
"(Radicalisation of rightwing extremists via pages on Facebook and in the Daily Mail | Letters, the guardian, 2017-06-20)",Influential Individual->Regular Group,Influential Individual,Regular Group,Violent & Criminal Behavior_Dangerous Organizations,,Facebook,https://www.theguardian.com/world/2017/jun/20/radicalisation-of-rightwing-extremists-via-pages-on-facebook-and-in-the-daily-mail
"(Social media locked in feud with ISIS, the korea times, 2016-04-15)",Influential Individual->S,Influential Individual,S,Violent & Criminal Behavior_Dangerous Organizations,,"Facebook, Twitter",https://www.koreatimes.co.kr/world/20160415/social-media-locked-in-feud-with-isis
"(The Media Brought the Alt-Right to My Campus, new york times, 2017-06-16)",Regular Group->Regular Group,Regular Group,Regular Group,Violent & Criminal Behavior_Violence,Violent Behavior,"4chan, Reddit",https://www.nytimes.com/2017/06/16/opinion/media-alt-right-evergreen-college.html
"(Turmoil in Egypt: The Secret Rally That Sparked an Uprising --- Cairo Protest Organizers Describe Ruses Used to Gain Foothold Against Police; the Candy-Store Meet That Wasn't on Facebook, wall street journal, 2011-02-11)",Regular Group->Regular Group,Regular Group,Regular Group,Violent & Criminal Behavior_Dangerous Organizations,Protest,Facebook,https://www.wsj.com/articles/SB10001424052748704132204576135882356532702
"(UK MPs say Twitter, Google not doing enough to curb extremism, the hindustan times, 2016-08-26)",Influential Individual->Regular Group,Influential Individual,Regular Group,Violent & Criminal Behavior_Dangerous Organizations,Remove Content,"Twitter, Google",https://www.hindustantimes.com/world-news/uk-mps-say-twitter-google-not-doing-enough-to-curb-extremism/story-2o870gE9bN6jav8JJovEBL.html
"(Woman takes ex-GF to court for posting her nude pic online, the times of india, 2017-02-28)",Regular Individual->Regular Individual,Regular Individual,Regular Individual,Violent & Criminal Behavior_Violence,Legal Action,WhatsApp,https://timesofindia.indiatimes.com/city/mumbai/woman-takes-ex-girlfriend-to-court-for-posting-her-nude-photo-online/articleshow/57382682.cms
Al-Shabab say they are back on Twitter,Influential Individual->Regular Group,Influential Individual,Regular Group,Violent & Criminal Behavior_Dangerous Organizations,,Twitter,https://www.aljazeera.com/news/2013/12/16/al-shabab-say-they-are-back-on-twitter
Asthma attack case prompts warnings of Facebook risks,Regular Individual->Regular Individual,Regular Individual,Regular Individual,Violent & Criminal Behavior_Dangerous Organizations,,Facebook,https://www.irishexaminer.com/world/arid-20136869.html
Boston Suspects Are Seen as Self-Taught and Fueled by Web,Influential Individual->Regular Group,Influential Individual,Regular Group,Violent & Criminal Behavior_Dangerous Organizations,"Violent Behavior, Legal Action",Online,https://timesofindia.indiatimes.com/city/nagpur/internet-fraudster-siphons-of-rs-13-35-lakhs/articleshow/20596546.cms
Coimbatore: Police remain mute spectators as video of women changing dress goes viral,Regular Individual->Regular Group,Regular Individual,Regular Group,Violent & Criminal Behavior_Sexual Exploitation,Legal Action,Social Media,https://timesofindia.indiatimes.com/city/coimbatore/police-remain-mute-spectators-as-video-of-women-changing-dress-goes-viral/articleshow/73146474.cms
"Gurdaspur man rapes 14-year-old ‘online friend’, held",Regular Individual->Regular Individual,Regular Individual,Regular Individual,Violent & Criminal Behavior_Sexual Exploitation,Legal Action,Social Networking Site,https://www.hindustantimes.com/cities/chandigarh-news/gurdaspur-maRegular Groupapes-14-year-old-online-friend-held-101630446474410.html
How a Stabbing in Israel Echoes Through the Fight Over Online Speech,Influential Individual->Regular Group,Influential Individual,Regular Group,Violent & Criminal Behavior_Dangerous Organizations,Social Media Policy Change,Facebook,https://www.nytimes.com/2021/03/24/technology/section-230-hearing-facebook.html
"In custody, Pasupalan posts a selfie on FB",Influential Individual->Regular Group,Influential Individual,Regular Group,Violent & Criminal Behavior_Sexual Exploitation,,Facebook,https://timesofindia.indiatimes.com/city/thiruvananthapuram/in-custody-pasupalan-posts-a-selfie-on-fb/articleshow/50862848.cms
Kidnap Probe Focuses on Web Diary,Regular Individual->Regular Group,Regular Individual,Regular Group,Violent & Criminal Behavior_Child Abuse&Nudity,,Web Diary,https://www.latimes.com/archives/la-xpm-2005-jul-04-na-idaho4-story.html
Metro Briefing | New Jersey: Paterson: Man Arrested In Online Sex Sting,Regular Individual->Regular Individual,Regular Individual,Regular Individual,Violent & Criminal Behavior_Child Abuse&Nudity,,Online chat,https://www.nytimes.com/2004/06/28/nyregion/metro-briefing-new-jersey-paterson-man-arrested-in-online-sex-sting.html
Missouri: Mayor Arrested in Internet Sex Sting,Regular Individual->Regular Individual,Regular Individual,Regular Individual,Violent & Criminal Behavior_Sexual Exploitation,Legal Action,Yahoo,https://www.nytimes.com/2008/01/15/us/15brfs-MAYORARRESTE_BRF.html
"Mumbai man creates five fake accounts, posts ex-lover's photos; booked",Regular Individual->Regular Individual,Regular Individual,Regular Individual,Violent & Criminal Behavior_Sexual Exploitation,Legal Action,Social Media,https://www.nytimes.com/2019/06/30/opinion/immigrants-social-media.html
Nawanshahr ‘BKI ultra’ was drafting youth on Facebook for bomb attacks,Influential Group->Regular Group,Influential Group,Regular Group,Violent & Criminal Behavior_Dangerous Organizations,Legal Action,Facebook,https://www.hindustantimes.com/punjab/nawanshahr-babbar-khals-international-ultra-was-drafting-youth-on-facebook-for-bomb-attacks/story-Z7M5zWddHMWY9tejSpKkKI.html
Old guard attempt to restore dictatorship via new media,Influential Individual->Regular Group,Influential Individual,Regular Group,Violent & Criminal Behavior_Dangerous Organizations,,Facebook,https://www.telegraph.co.uk/technology/internet/9818691/Misogynist-trolls-need-an-earful-from-the-barmaid.html
One in 4 children meets an Internet stranger,Regular Group->Regular Group,Regular Group,Regular Group,Violent & Criminal Behavior_Child Abuse&Nudity,,Online,https://www.dailymail.co.uk/news/article-478996/One-4-children-meets-Internet-stranger.html
Police rescue children from online abuse,Regular Individual->Regular Group,Regular Individual,Regular Group,Violent & Criminal Behavior_Child Abuse&Nudity,Legal Action,Online,https://www.theguardian.com/uk/2009/sep/02/childreRegular Groupescued-internet-paedophiles
"Quaden Bayles's family getting death threats months after anti-bullying video, mother says",Regular Group->Influential Individual,Regular Group,Influential Individual,Violent & Criminal Behavior_Violence,,Social Media,https://timesofindia.indiatimes.com/city/mumbai/man-steps-out-to-buy-syrup-for-kin-scooter-impounded/articleshow/76738179.cms
"Suspect Confesses to Killing Airmen; Kosovo Native Says Jihadist Videos Inspired Him; in Confession, He Refuses to Reveal Where He Bought the Gun",Regular Group->Regular Individual,Regular Group,Regular Individual,Violent & Criminal Behavior_Violence,,Online,https://www.wsj.com/articles/SB10001424053111904716604576542192510972276
Tennessee: Conspiracy Charges Over Online Postings,Regular Group->Regular Group,Regular Group,Regular Group,Violent & Criminal Behavior_Violence,Legal Action,MySpace,https://www.nytimes.com/2007/01/26/us/26brfs-CHARGES.html
Thousands of paedophiles to escape law over online images,Regular Group->Regular Group,Regular Group,Regular Group,Violent & Criminal Behavior_Child Abuse&Nudity,Legal Action,Online,https://www.nytimes.com/2014/11/17/world/middleeast/peter-kassig-isis-video-execution.html
YouTube urged to delete radical cleric's sermons,Regular Group->Regular Group,Regular Group,Regular Group,Violent & Criminal Behavior_Violence,,Youtube,https://www.theguardian.com/world/2011/feb/28/youtube-urged-to-delete-sermons